City_ID,City,Lat,Lng,Max Temp,Humidity,Cloudiness,Wind Speed,Country,Date
0,lebu,-37.6167,-73.65,15.59,71,80,3.41,CL,1702313195
1,chinchilla,-26.75,150.6333,19.51,80,99,6.29,AU,1702313377
2,port lincoln,-34.7333,135.8667,15.93,88,42,1.51,AU,1702313128
3,talnakh,69.4865,88.3972,-24.89,97,100,4.47,RU,1702313380
4,bredasdorp,-34.5322,20.0403,20.04,55,0,4.74,ZA,1702313381
5,invercargill,-46.4,168.35,7.85,80,66,8.32,NZ,1702313382
6,whitehorse,60.7161,-135.0538,-3.57,80,75,9.77,CA,1702313269
7,bilibino,68.0546,166.4372,-18.89,94,100,1.48,RU,1702313385
8,grytviken,-54.2811,-36.5092,4.81,87,97,5.29,GS,1702313386
9,kapuskasing,49.4169,-82.4331,-10.95,79,100,4.12,CA,1702313388
10,as sulayyil,20.4607,45.5779,20.14,20,53,4.05,SA,1702313389
11,waitangi,-43.9535,-176.5597,13.79,87,99,1.34,NZ,1702313391
12,samana,19.2056,-69.3369,29.12,84,40,3.09,DO,1702313392
13,albany,42.6001,-73.9662,3.65,84,92,1.79,US,1702312814
14,coquimbo,-29.9533,-71.3436,19.85,68,0,5.66,CL,1702313395
15,port-aux-francais,-49.35,70.2167,5.01,91,65,8.25,TF,1702313397
16,bethel,41.3712,-73.414,6.43,84,100,3.6,US,1702313142
17,mitu,1.1983,-70.1733,29.28,74,72,1.05,CO,1702313401
18,happy valley-goose bay,53.3168,-60.3315,3.17,81,100,0.0,CA,1702313272
19,cooma,-36.2333,149.1333,17.56,90,100,1.1,AU,1702313405
20,olonkinbyen,70.9221,-8.7187,0.0,94,100,7.36,SJ,1702313406
21,la passe,45.5549,-0.8967,14.13,97,100,6.51,FR,1702313409
22,taltal,-25.4,-70.4833,20.69,66,12,2.85,CL,1702313179
23,kavaratti,10.5669,72.642,28.8,70,64,0.7,IN,1702313412
24,nemuro,43.3236,145.575,1.36,55,96,1.53,JP,1702313414
25,puerto ayora,-0.7393,-90.3518,28.98,77,49,3.89,EC,1702313417
26,quang ngai,15.1167,108.8,22.34,92,92,1.66,VN,1702313419
27,aden,12.7794,45.0367,26.06,68,7,5.05,YE,1702313418
28,belebey,54.1167,54.1167,-24.32,90,45,3.7,RU,1702313422
29,porto novo,6.4965,2.6036,30.9,64,40,3.99,BJ,1702313425
30,san fernando de monte cristi,19.8667,-71.65,29.45,65,4,6.51,DO,1702313427
31,mount gambier,-37.8333,140.7667,17.82,78,100,3.64,AU,1702313428
32,phalodi,27.1333,72.3667,20.25,18,6,2.18,IN,1702313430
33,port elizabeth,-33.918,25.5701,22.16,76,0,4.12,ZA,1702313264
34,nuuk,64.1835,-51.7216,2.34,69,100,23.15,GL,1702313434
35,baiyin,36.5583,104.2081,-1.47,46,0,1.16,CN,1702313435
36,blackmans bay,-43.0167,147.3167,10.29,92,65,1.57,AU,1702313437
37,rantepao,-2.9701,119.8978,20.31,97,100,1.09,ID,1702313438
38,thisted,56.9552,8.6949,2.33,90,100,7.28,DK,1702313439
39,tolanaro,-25.0319,46.9987,27.04,89,20,7.2,MG,1702313441
40,derbent,42.0678,48.2899,6.04,85,100,6.69,RU,1702313443
41,kristiansund,63.1115,7.732,-2.64,80,0,1.54,NO,1702313444
42,puerto natales,-51.7236,-72.4875,12.25,43,75,7.2,CL,1702313186
43,aasiaat,68.7098,-52.8699,-0.61,73,100,6.72,GL,1702313447
44,pontianak,-0.0333,109.3333,24.99,100,75,1.54,ID,1702313449
45,ovalle,-30.5983,-71.2003,28.18,35,15,4.3,CL,1702313255
46,ceerigaabo,10.6162,47.368,16.09,75,47,1.89,SO,1702313453
47,papatowai,-46.5619,169.4708,7.69,79,36,7.98,NZ,1702313424
48,kolonia town,6.964,158.206,28.0,83,40,2.57,FM,1702313456
49,tapes,-30.6733,-51.3958,24.67,65,36,4.89,BR,1702313457
50,georgetown,5.4112,100.3354,26.08,94,20,1.54,MY,1702313459
51,vanimo,-2.6741,141.3028,26.23,92,88,4.69,PG,1702313460
52,ilulissat,69.2167,-51.1,1.01,80,75,2.57,GL,1702313438
53,avarua,-21.2078,-159.775,25.03,88,100,11.32,CK,1702313466
54,ojinaga,29.5667,-104.4167,13.1,36,0,0.0,MX,1702313468
55,luderitz,-26.6481,15.1594,22.81,52,0,12.76,NA,1702313471
56,howard springs,-12.497,131.047,25.95,95,42,1.79,AU,1702313470
57,yellowknife,62.456,-114.3525,-21.71,84,20,4.63,CA,1702313368
58,saint-joseph,-21.3667,55.6167,25.21,78,49,4.58,RE,1702313479
59,kyosai,34.8503,128.5886,12.98,90,98,4.1,KR,1702313482
60,mugia,43.1041,-9.2179,17.73,92,100,11.81,ES,1702313484
61,murun-kuren,49.6342,100.1625,-22.39,95,35,0.51,MN,1702313485
62,lieksa,63.3167,30.0167,-14.76,94,100,2.51,FI,1702313487
63,port alfred,-33.5906,26.891,21.21,85,10,0.89,ZA,1702313489
64,bobo-dioulasso,11.1771,-4.2979,34.25,8,0,4.63,BF,1702313491
65,hamilton,39.1834,-84.5333,2.26,75,100,3.6,US,1702313145
66,kalispell,48.1958,-114.3129,2.1,95,100,0.0,US,1702313498
67,adamstown,-25.066,-130.1015,21.34,60,4,2.22,PN,1702313426
68,williams,52.1415,-122.1445,-1.24,98,100,3.09,CA,1702313503
69,huarmey,-10.0681,-78.1522,23.76,69,9,5.16,PE,1702313477
70,iqaluit,63.7506,-68.5145,-17.15,78,75,9.77,CA,1702313506
71,edinburgh of the seven seas,-37.0676,-12.3116,13.1,85,100,9.24,SH,1702313508
72,camayenne,9.535,-13.6878,32.05,66,20,4.12,GN,1702313509
73,el calafate,-50.3408,-72.2768,10.96,48,100,3.54,AR,1702313458
74,mitsamiouli,-11.3847,43.2844,28.11,77,100,5.13,KM,1702313514
75,holualoa,19.6228,-155.9522,23.26,81,20,2.57,US,1702313515
76,margaret river,-33.95,115.0667,15.57,67,0,3.29,AU,1702313516
77,mersing,2.4312,103.8405,24.95,100,40,3.6,MY,1702313518
78,juan griego,11.0817,-63.9655,28.81,70,63,6.18,VE,1702313520
79,atafu village,-8.5421,-172.5159,27.82,83,100,11.72,TK,1702313521
80,mora,11.0461,14.1401,23.87,24,61,4.15,CM,1702313523
81,vorgashor,67.5833,63.95,-21.82,95,100,4.55,RU,1702313429
82,paoua,7.2427,16.4406,26.46,20,74,2.08,CF,1702313527
83,vadso,70.0744,29.7487,-6.91,79,75,6.69,NO,1702313530
84,rabo de peixe,37.8,-25.5833,17.77,99,40,7.2,PT,1702313531
85,rajpur,22.3,74.35,21.33,46,20,1.35,IN,1702313533
86,tiksi,71.6872,128.8694,-23.35,99,100,3.98,RU,1702313536
87,billings,45.7833,-108.5007,4.73,60,100,7.2,US,1702313362
88,west island,-12.1568,96.8225,25.99,73,7,3.09,CC,1702313539
89,chichester,50.8367,-0.78,10.97,65,13,3.58,GB,1702313540
90,walvis bay,-22.9575,14.5053,19.53,68,0,4.12,NA,1702313542
91,qaqortoq,60.7167,-46.0333,-2.12,93,100,8.31,GL,1702313544
92,stanley,54.868,-1.6985,4.33,93,20,3.09,GB,1702313436
93,pacasmayo,-7.4006,-79.5714,22.87,71,5,6.19,PE,1702313461
94,hawaiian paradise park,19.5933,-154.9731,22.24,98,100,2.57,US,1702313549
95,shagonar,51.5333,92.8,-31.12,99,96,0.77,RU,1702313551
96,isafjordur,66.0755,-23.124,-1.98,69,100,3.6,IS,1702313553
97,lihue,21.9789,-159.3672,24.09,88,100,5.14,US,1702313555
98,saldanha,-33.0117,17.9442,22.03,79,0,8.68,ZA,1702313557
99,ceres,37.5949,-120.9577,8.36,100,0,1.54,US,1702313560
100,nova vicosa,-17.8919,-39.3719,29.76,55,34,7.59,BR,1702313541
101,karratha,-20.7377,116.8463,25.74,45,0,4.35,AU,1702313565
102,illizi,26.4833,8.4667,18.89,33,0,3.37,DZ,1702313566
103,barguzin,53.6167,109.6167,-27.87,94,64,1.59,RU,1702313568
104,beyneu,45.3167,55.2,-9.85,34,4,8.96,KZ,1702313571
105,hadibu,12.65,54.0333,25.06,65,9,5.16,YE,1702313573
106,chinde,26.8418,88.0763,10.39,68,25,2.03,NP,1702313575
107,tongren,27.7172,109.1853,5.73,86,100,2.34,CN,1702313579
108,fuling,29.7022,107.3919,14.13,92,96,0.52,CN,1702313580
109,aykhal,66.0,111.5,-26.36,98,100,1.96,RU,1702313582
110,punta arenas,-53.15,-70.9167,11.06,40,75,7.2,CL,1702313584
111,quepos,9.4236,-84.1652,30.18,64,66,2.57,CR,1702313587
112,staunton,38.1496,-79.0717,5.79,70,100,6.69,US,1702313591
113,oleksandrivka,48.9634,32.2349,1.55,99,100,4.5,UA,1702313593
114,zhosaly,45.4878,64.0781,-16.9,48,0,9.23,KZ,1702313594
115,saint-pierre,-21.3393,55.4781,25.82,73,0,6.69,RE,1702313596
116,shingu,33.7333,135.9833,16.97,96,100,4.09,JP,1702313599
117,ribeira grande,38.5167,-28.7,17.65,67,40,5.14,PT,1702313602
118,labrador city,52.9463,-66.9114,-5.05,86,100,3.09,CA,1702313410
119,poronaysk,49.2167,143.1167,-15.99,79,15,3.44,RU,1702313605
120,geraldton,-28.7667,114.6,16.23,82,0,2.57,AU,1702313607
121,weno,7.4515,151.8468,27.97,83,100,1.54,FM,1702313611
122,san bernardo del viento,9.3533,-75.9524,30.21,72,39,1.8,CO,1702313613
123,swift current,50.2834,-107.8014,-4.55,63,0,7.2,CA,1702313385
124,whangarei,-35.7317,174.3239,14.31,67,76,4.22,NZ,1702313616
125,constantia,44.1833,28.65,2.61,72,90,3.39,RO,1702313619
126,hermanus,-34.4187,19.2345,18.9,70,0,2.79,ZA,1702313620
127,changyon,38.2508,125.0961,1.43,87,100,2.59,KP,1702313621
128,igarka,67.4667,86.5833,-24.03,99,100,3.81,RU,1702313623
129,mpika,-11.8343,31.4529,20.23,81,100,1.06,ZM,1702313624
130,marte,12.3611,13.8246,21.89,34,9,3.12,NG,1702313626
131,port mathurin,-19.6833,63.4167,26.46,73,100,3.07,MU,1702313448
132,dudinka,69.4058,86.1778,-24.62,98,100,6.26,RU,1702313630
133,turpan,42.9333,89.1667,0.65,61,72,0.17,CN,1702313499
134,acapulco de juarez,16.8634,-99.8901,29.21,59,92,0.49,MX,1702313633
135,tual,-5.6667,132.75,28.69,77,89,6.35,ID,1702313634
136,carnarvon,-24.8667,113.6333,24.33,62,0,4.47,AU,1702313637
137,kingston,17.997,-76.7936,30.69,71,20,6.17,JM,1702313638
138,hovd,48.0056,91.6419,-17.37,82,88,0.77,MN,1702313639
139,beledweyne,4.7358,45.2036,29.02,51,99,4.01,SO,1702313641
140,ushuaia,-54.8,-68.3,11.81,40,0,4.63,AR,1702313643
141,tbeng meanchey,13.8167,104.9667,24.26,72,100,0.36,KH,1702313644
142,wailua homesteads,22.0669,-159.378,23.75,91,100,3.6,US,1702313646
143,la asuncion,11.0333,-63.8628,27.78,75,66,6.11,VE,1702313648
144,bogande,12.9714,-0.1436,30.36,11,1,4.61,BF,1702313650
145,primero de mayo,-32.2552,-58.4228,29.75,46,1,6.01,AR,1702313652
146,severo-yeniseyskiy,60.3725,93.0408,-40.24,100,80,0.45,RU,1702313654
147,zhumysker,49.3333,49.4,-11.3,68,58,8.42,KZ,1702313657
148,tutoia,-2.7619,-42.2744,30.45,59,98,6.74,BR,1702313659
149,pandan,14.0453,124.1694,26.8,85,39,5.01,PH,1702313661
150,lata,40.1629,-8.3327,17.73,83,100,1.91,PT,1702313664
151,labytnangi,66.6572,66.4183,-25.74,98,100,3.9,RU,1702313465
152,college,64.8569,-147.8028,-8.03,73,75,2.06,US,1702313668
153,longyearbyen,78.2186,15.6401,-5.09,68,75,8.75,SJ,1702313669
154,soio,-6.1349,12.3689,27.86,75,82,3.77,AO,1702313671
155,alice springs,-23.7,133.8833,12.75,62,0,1.54,AU,1702313672
156,sandy,40.572,-111.8606,4.22,60,0,1.54,US,1702313533
157,vilsbiburg,48.45,12.35,7.99,88,76,4.92,DE,1702313676
158,brisas de zicatela,15.8369,-97.0419,29.84,38,90,1.37,MX,1702313678
159,martuk,50.7475,56.5056,-23.29,79,6,6.26,KZ,1702313680
160,rosetta,31.4044,30.4164,18.59,56,0,1.99,EG,1702313681
161,brookings,44.3114,-96.7984,0.05,95,7,5.51,US,1702313447
162,juneau,58.3019,-134.4197,3.0,95,100,8.23,US,1702313449
163,san patricio,28.017,-97.5169,17.14,24,89,1.67,US,1702313450
164,puerto aysen,-45.4,-72.7,14.44,72,58,2.66,CL,1702313694
165,pionerskiy,54.9508,20.2275,0.91,89,100,2.87,RU,1702313696
166,peace river,56.2501,-117.286,-9.64,87,100,1.03,CA,1702313699
167,fort bragg,35.139,-79.006,8.79,62,75,4.63,US,1702313700
168,sokoni,-6.4333,39.55,27.92,76,85,3.27,TZ,1702313704
169,maridi,4.9158,29.4742,28.99,40,89,1.4,SS,1702313707
170,jinchang,38.4953,102.1739,2.92,21,0,3.99,CN,1702313709
171,tralee,52.2704,-9.7026,10.14,93,75,3.6,IE,1702313710
172,sinabang,2.4803,96.3801,26.07,82,77,1.45,ID,1702313712
173,haimen,23.1935,116.6142,19.94,85,1,1.0,CN,1702313714
174,belyy yar,53.6039,91.3903,-34.06,75,20,0.0,RU,1702313716
175,glace bay,46.1969,-59.957,14.88,90,100,8.23,CA,1702313719
176,touros,-5.1989,-35.4608,30.0,58,6,6.58,BR,1702313722
177,ust-nera,64.5667,143.2,-20.92,99,100,4.24,RU,1702313723
178,babatngon,11.4238,124.8449,24.74,91,98,1.13,PH,1702313726
179,mount isa,-20.7333,139.5,27.87,36,75,6.17,AU,1702313729
180,new norfolk,-42.7826,147.0587,10.95,98,85,0.93,AU,1702313731
181,arawa,-6.2132,155.5367,25.44,92,100,1.24,PG,1702313734
182,jamestown,42.097,-79.2353,0.31,95,100,6.69,US,1702313737
183,klyuchi,52.2667,79.1667,-23.3,84,86,5.81,RU,1702313739
184,cabo san lucas,22.8909,-109.9124,27.09,68,0,2.06,MX,1702313631
185,severo-vostotchnyi bank,39.4112,49.2479,9.84,78,100,7.26,AZ,1702313744
186,kodiak,57.79,-152.4072,0.73,69,75,5.66,US,1702313533
187,sacramento,38.4666,-121.3177,12.21,100,0,0.0,US,1702313579
188,meadow lake,34.8014,-106.5436,9.26,44,100,2.06,US,1702313751
189,phongsali,21.6833,102.1058,13.6,85,16,0.4,LA,1702313754
190,cassilandia,-19.1133,-51.7342,37.04,30,92,2.18,BR,1702313759
191,tura,25.5198,90.2201,15.59,85,0,1.47,IN,1702313761
192,ouahigouya,13.5828,-2.4216,30.86,10,37,4.39,BF,1702313765
193,jining,35.405,116.5814,-1.86,90,100,3.52,CN,1702313766
194,iskateley,67.6803,53.1512,-16.66,94,100,9.39,RU,1702313771
195,apolinario saravia,-24.4328,-63.9954,32.59,37,74,6.21,AR,1702313774
196,dzilam gonzalez,21.2833,-88.9333,24.56,57,99,4.56,MX,1702313775
197,babolsar,36.7025,52.6576,11.18,80,100,4.57,IR,1702313777
198,baruun-urt,46.6806,113.2792,-23.34,100,100,1.14,MN,1702313780
199,peniche,39.3558,-9.3811,18.49,86,100,5.7,PT,1702313782
200,nogara,45.1731,11.0658,6.12,83,97,0.45,IT,1702313785
201,sorong,-0.8833,131.25,27.76,79,60,2.18,ID,1702313787
202,ust'-ilimsk,58.0006,102.6619,-35.99,100,49,0.45,RU,1702313754
203,greenland,43.0362,-70.8328,6.59,86,100,6.69,US,1702313793
204,at taraf,25.3628,49.725,21.3,22,97,3.44,SA,1702313795
205,fale old settlement,-9.3852,-171.2468,28.08,82,100,11.19,TK,1702313797
206,howrah,22.5892,88.3103,20.0,68,0,0.0,IN,1702313799
207,messaad,34.1543,3.5031,18.86,22,0,2.22,DZ,1702313801
208,kumeny,58.1089,49.9161,-21.39,90,93,6.42,RU,1702313804
209,saipan,15.1355,145.701,27.39,83,20,4.12,MP,1702313807
210,nova sintra,14.8667,-24.7167,23.53,64,19,7.12,CV,1702313811
211,qarauyl,48.9451,79.255,-22.33,96,100,6.74,KZ,1702313822
212,nadi,-17.8,177.4167,20.0,83,20,2.57,FJ,1702313825
213,drayton valley,53.2168,-114.9854,-9.44,81,31,1.96,CA,1702313827
214,polyarnyy,69.1989,33.4478,-12.57,89,89,6.98,RU,1702313829
215,majuro,7.0897,171.3803,28.04,73,96,9.28,MH,1702313833
216,east london,-33.0153,27.9116,22.52,78,20,6.17,ZA,1702313836
217,leava,-14.3,-178.1667,26.63,63,86,4.38,WF,1702313838
218,lucas,41.6501,-83.6666,2.08,64,100,5.66,US,1702313841
219,erenhot,43.6475,111.9767,-9.7,44,48,3.55,CN,1702313844
220,puerto la cruz,10.2167,-64.6167,27.37,75,40,2.75,VE,1702313846
221,chui,-33.6971,-53.4616,23.35,62,7,5.36,UY,1702313850
222,manismata,-2.4667,111.0333,24.16,97,99,1.04,ID,1702313851
223,hobyo,5.3505,48.5268,26.93,76,97,6.97,SO,1702313853
224,taoudenni,22.6783,-3.9836,26.25,12,28,4.35,ML,1702313855
225,san antonio de pale,-1.4014,5.6325,24.97,88,100,0.27,GQ,1702313858
226,markovo,57.3206,107.0881,-33.04,100,89,0.53,RU,1702313861
227,anadyr,64.75,177.4833,-26.67,75,0,4.0,RU,1702313863
228,alo,7.4178,6.7371,32.3,30,11,1.05,NG,1702313865
229,petropavlovsk-kamchatsky,53.0452,158.6483,-6.67,87,75,7.6,RU,1702313870
230,ancud,-41.8697,-73.8203,11.94,95,100,4.67,CL,1702313871
231,codrington,-38.2667,141.9667,15.77,90,100,4.46,AU,1702313873
232,utrik,11.2278,169.8474,27.14,78,48,9.23,MH,1702313876
233,susuman,62.7833,148.1667,-21.68,96,100,2.24,RU,1702313877
234,taulaga,-11.0553,-171.0883,28.1,81,99,10.64,AS,1702313879
235,seaside,36.6111,-121.8516,14.21,59,0,2.57,US,1702313880
236,kirovskiy,45.0917,133.5136,-19.76,94,100,1.34,RU,1702313884
237,dongola,19.1667,30.4833,23.76,16,82,4.9,SD,1702313887
238,nar'yan-mar,67.6713,53.087,-16.61,94,100,9.39,RU,1702313888
239,dompu,-8.5356,118.4622,25.5,92,100,0.82,ID,1702313892
240,enewetak,11.3474,162.3373,27.91,77,64,8.65,MH,1702313893
241,broken hill,-31.95,141.4333,23.85,44,93,2.96,AU,1702313897
242,sao felix do xingu,-6.6447,-51.995,29.73,71,93,1.97,BR,1702313899
243,kirakira,-10.4544,161.9205,25.42,87,95,1.8,SB,1702313904
244,fort st. john,56.2499,-120.8529,-8.06,73,75,2.57,CA,1702313906
245,kone,-21.0595,164.8658,22.27,76,95,1.46,NC,1702313907
246,tamayo,18.3947,-71.2029,30.84,70,40,6.17,DO,1702313911
247,mahina,-17.5065,-149.489,25.87,78,20,1.03,PF,1702313913
248,namibe,-15.1961,12.1522,22.77,70,70,5.24,AO,1702313916
249,hasaki,35.7333,140.8333,12.38,85,100,3.25,JP,1702313920
250,thinadhoo,0.5333,72.9333,27.86,77,14,2.51,MV,1702313921
251,zuyevka,58.405,51.1335,-23.42,88,89,5.28,RU,1702313925
252,rasony,55.9089,28.8126,-0.24,96,100,4.97,BY,1702313841
253,luganville,-15.5333,167.1667,23.45,70,100,1.98,VU,1702313932
254,kenai,60.5544,-151.2583,-0.95,99,100,6.17,US,1702313933
255,hays,30.0502,-98.0336,16.09,34,1,2.24,US,1702313935
256,zeya,53.75,127.2667,-30.29,91,5,1.67,RU,1702313937
257,talara,-4.5772,-81.2719,28.42,61,0,5.14,PE,1702313939
258,flying fish cove,-10.4217,105.6791,24.82,78,40,3.6,CX,1702313940
259,omdurman,15.6445,32.4777,29.19,8,100,3.86,SD,1702313943
260,vernon,50.2581,-119.2691,2.09,94,94,1.03,CA,1702313947
261,ust-tsilma,65.441,52.1498,-15.22,91,100,5.36,RU,1702313949
262,egilsstadir,65.2653,-14.3948,-4.05,68,0,2.06,IS,1702313950
263,toamasina,-18.1667,49.3833,28.0,83,40,1.54,MG,1702313952
264,puerto baquerizo moreno,-0.9,-89.6,26.55,78,75,5.14,EC,1702313955
265,cockburn town,21.4612,-71.1419,28.98,70,40,6.17,TC,1702313957
266,arno,60.1167,18.6333,-0.68,86,100,5.58,SE,1702313959
267,thompson,55.7435,-97.8558,-8.91,86,100,7.72,CA,1702313961
268,berezovo,63.9381,65.0419,-26.85,89,100,4.93,RU,1702313963
269,vilyuchinsk,52.9306,158.4028,-5.85,82,14,4.46,RU,1702313964
270,badger,64.8,-147.5333,-8.07,73,75,2.06,US,1702313972
271,gobernador virasora,-28.05,-56.0333,31.95,59,0,0.89,AR,1702313974
272,zhangjiakou shi xuanhua qu,40.6103,115.0447,-5.88,86,59,0.21,CN,1702313975
273,vanino,49.0869,140.2543,-21.71,76,2,3.63,RU,1702313978
274,ampanihy,-24.7,44.75,26.98,61,100,4.57,MG,1702313980
275,kidal,18.4411,1.4078,23.93,19,10,6.98,ML,1702313983
276,babol,36.5513,52.679,11.04,83,100,2.35,IR,1702313985
277,doctor juan leon mallorquin,-25.4,-55.2667,28.85,57,43,2.37,PY,1702313987
278,tazovsky,67.4667,78.7,-26.0,96,100,3.81,RU,1702313989
279,tete,-16.1564,33.5867,38.05,33,75,3.6,MZ,1702313990
280,dali,25.7,100.1833,7.25,79,0,1.55,CN,1702313992
281,antalaha,-14.9003,50.2788,25.37,87,90,3.6,MG,1702313994
282,hilo,19.7297,-155.09,22.36,99,100,2.68,US,1702313996
283,haiku-pauwela,20.9219,-156.3051,24.47,93,100,0.0,US,1702313998
284,selfoss,63.9331,-20.9971,-1.09,96,75,1.74,IS,1702313999
285,novodnistrovsk,48.5849,27.4311,-1.28,96,90,2.09,UA,1702314002
286,khandyga,62.6667,135.6,-33.48,98,100,0.64,RU,1702314005
287,ashgabat,37.95,58.3833,3.92,60,100,3.09,TM,1702314009
288,lashio,22.9333,97.75,15.37,86,29,0.84,MM,1702314012
289,celestun,20.8667,-90.4,23.12,65,100,9.33,MX,1702314014
290,remire-montjoly,4.9167,-52.2667,32.02,58,75,6.17,GF,1702314016
291,sakaiminato,35.55,133.2333,13.99,94,75,5.14,JP,1702314019
292,afaahiti,-17.75,-149.2833,24.93,80,78,11.12,PF,1702314021
293,natal,-5.795,-35.2094,31.36,65,40,8.23,BR,1702314024
294,lospalos,-8.5186,127.0025,23.37,93,100,1.32,TL,1702314028
295,teknaf,20.8624,92.3058,17.33,87,1,2.35,BD,1702314035
296,pacific grove,36.6177,-121.9166,13.94,62,0,3.13,US,1702314037
297,bandon,51.7469,-8.7425,11.77,96,100,6.78,IE,1702314041
298,urangan,-25.3,152.9,24.09,71,94,7.76,AU,1702314044
299,sassandra,4.95,-6.0833,28.71,70,33,2.64,CI,1702314048
300,puerto deseado,-47.7503,-65.8938,16.85,51,57,8.82,AR,1702314050
301,antonio enes,-16.2325,39.9086,29.36,67,29,4.46,MZ,1702314052
302,lethem,3.3803,-59.7968,37.01,32,37,5.21,GY,1702314054
303,banda aceh,5.5577,95.3222,27.75,77,70,2.11,ID,1702314057
304,yuzhno-kurilsk,44.0306,145.8556,0.76,76,100,3.63,RU,1702314059
305,kapoeta,4.7717,33.5903,32.92,26,49,4.59,SS,1702314061
306,harstad,68.799,16.5293,-1.03,86,99,1.92,NO,1702314063
307,seven pagodas,12.6264,80.1722,26.03,82,39,2.78,IN,1702314065
308,anuradhapura,8.3565,80.4173,23.17,99,69,1.7,LK,1702314067
309,sitka,57.0531,-135.33,2.32,99,100,1.89,US,1702314069
310,gadzhiyevo,69.2551,33.3362,-12.9,90,92,7.34,RU,1702314071
311,kashiwazaki,37.3667,138.55,11.74,93,100,2.74,JP,1702314073
312,chinchani,19.8667,72.7,24.0,69,57,3.23,IN,1702314075
313,ar rumaythah,31.5263,45.2025,22.77,27,87,3.42,IQ,1702314076
314,mangrol,21.1167,70.1167,23.15,39,61,4.19,IN,1702314078
315,la'ie,21.6477,-157.9253,24.66,87,33,1.34,US,1702314081
316,kolonia,50.9333,6.95,10.49,83,75,4.12,DE,1702313961
317,pingxiang,27.6167,113.85,5.88,92,100,1.83,CN,1702314086
318,st. john's,47.5649,-52.7093,10.64,95,100,9.77,CA,1702313880
319,pagar alam,-4.0167,103.2667,20.16,98,70,1.73,ID,1702314093
320,oskarshamn,57.2645,16.4484,1.1,98,100,3.78,SE,1702314100
321,lively,46.4334,-81.1498,-5.49,73,35,2.96,CA,1702314104
322,praia da vitoria,38.7333,-27.0667,17.14,72,75,4.44,PT,1702314107
323,sarangani,5.4033,125.4636,27.47,77,17,2.49,PH,1702314110
324,sil-li,39.4947,125.4736,-0.55,89,100,4.99,KP,1702314114
325,opuwo,-18.0607,13.84,30.3,19,61,8.12,NA,1702314116
326,kushiro,42.975,144.3747,-1.69,57,100,2.16,JP,1702314119
327,kattivakkam,13.2167,80.3167,26.05,75,14,4.34,IN,1702314122
328,tabas,33.5959,56.9244,14.12,30,92,2.06,IR,1702314124
329,amungan,15.3652,119.9582,27.36,79,62,5.55,PH,1702314127
330,udachny,66.4167,112.4,-25.07,97,100,5.26,RU,1702314129
331,cidreira,-30.1811,-50.2056,23.15,72,15,5.54,BR,1702313949
332,tabou,4.423,-7.3528,28.39,71,39,2.59,CI,1702314132
333,maragogi,-9.0122,-35.2225,30.03,53,12,5.38,BR,1702314135
334,mana,5.6592,-53.7767,28.78,72,27,4.91,GF,1702314137
335,sungai penuh,-2.0833,101.3833,18.03,97,100,1.08,ID,1702314139
336,ghadamis,30.1337,9.5007,15.33,38,0,3.07,LY,1702314142
337,tobelo,1.7284,128.0095,26.55,85,10,2.22,ID,1702314144
338,kloulklubed,7.0419,134.2556,27.28,76,17,5.95,PW,1702314146
339,nguigmi,14.2495,13.1092,22.43,19,0,5.04,NE,1702314147
340,kansanshi,-12.0951,26.4273,18.85,93,100,2.05,ZM,1702314149
341,new plymouth,-39.0667,174.0833,13.23,77,98,11.67,NZ,1702314151
342,keflavik,64.0049,-22.5624,2.24,75,75,4.63,IS,1702314153
343,mutuali,-14.8706,37.0044,27.6,55,88,2.88,MZ,1702314155
344,miri,4.4148,114.0089,26.08,94,40,1.03,MY,1702314157
345,nouadhibou,20.931,-17.0347,27.99,16,35,0.0,MR,1702314159
346,puerto lleras,3.0223,-73.4044,29.72,65,65,2.33,CO,1702314162
347,hassi messaoud,31.6804,6.0729,21.92,23,0,5.14,DZ,1702314164
348,shima,24.4478,117.8111,21.01,85,0,0.71,CN,1702314165
349,kangding,30.0513,101.9603,3.5,68,33,0.85,CN,1702314167
350,selkirk,50.1436,-96.8845,-4.39,91,100,2.68,CA,1702314102
351,mata-utu,-13.2816,-176.1745,27.52,79,100,5.3,WF,1702314171
352,saint-jean-sur-richelieu,45.3168,-73.2659,1.55,99,100,2.24,CA,1702313933
353,uturoa,-16.7333,-151.4333,26.97,76,57,9.49,PF,1702314183
354,chiredzi,-21.05,31.6667,22.09,89,99,1.07,ZW,1702314151
355,tazacorte,28.629,-17.9293,25.64,43,3,6.69,ES,1702314188
356,tromso,69.6496,18.957,-2.99,86,100,5.14,NO,1702314191
357,aitape,-3.1374,142.3475,27.82,83,100,9.62,PG,1702314123
358,ta`u,-14.2336,-169.5144,26.92,86,98,8.89,AS,1702314140
359,cova figueira,14.8905,-24.2934,24.57,51,12,6.09,CV,1702314197
360,bozeman,45.6796,-111.0386,2.18,88,100,1.54,US,1702313940
361,santa maria del oro,25.9333,-105.3667,15.58,28,0,1.91,MX,1702314200
362,aban,56.67,96.06,-33.39,100,27,0.17,RU,1702314202
363,dongkan,33.9997,119.8308,3.05,74,100,6.44,CN,1702314204
364,mar del plata,-38.0023,-57.5575,29.35,74,40,12.07,AR,1702314155
365,mazamari,-11.3258,-74.5308,33.3,45,52,1.73,PE,1702314209
366,port douglas,-16.4833,145.4667,26.51,74,97,2.0,AU,1702314214
367,tara,56.8944,74.371,-28.75,93,6,2.87,RU,1702314219
368,chonchi,-42.6128,-73.8092,14.56,96,100,1.41,CL,1702314221
369,udayagiri,20.1333,84.3833,14.36,70,0,1.0,IN,1702314225
370,dryden,49.7833,-92.7503,-6.84,93,100,5.66,CA,1702314170
371,fortuna,40.5982,-124.1573,11.19,98,0,0.0,US,1702314230
372,mirny,62.5353,113.9611,-28.82,96,100,2.85,RU,1702314233
373,la mira,18.035,-102.3266,28.68,52,100,3.14,MX,1702314236
374,antofagasta,-23.65,-70.4,20.6,66,71,4.46,CL,1702314238
375,liwale,-9.7667,37.9333,22.67,95,100,1.6,TZ,1702314241
376,kerikeri,-35.2268,173.9474,12.73,87,33,4.72,NZ,1702314244
377,zheshart,62.0731,49.5733,-15.52,85,100,5.31,RU,1702314246
378,arraial do cabo,-22.9661,-42.0278,23.98,88,75,5.66,BR,1702314249
379,rimouski,48.4488,-68.524,1.1,99,100,5.92,CA,1702313735
380,es castell,39.8795,4.2854,16.38,77,0,2.57,ES,1702314252
381,west valley,46.5921,-120.6051,3.22,93,100,3.09,US,1702314256
382,molde,62.7375,7.1591,-4.56,86,0,4.12,NO,1702314258
383,salalah,17.0151,54.0924,24.05,57,0,2.57,OM,1702314261
384,storvreta,59.9667,17.7,-0.97,100,100,5.14,SE,1702314264
385,sittwe,20.15,92.9,21.33,78,0,3.04,MM,1702314269
386,las palmas de gran canaria,28.0997,-15.4134,24.32,44,0,3.09,ES,1702314271
387,bardai,11.65,7.2333,23.82,18,7,4.84,NG,1702314275
388,valence,39.4697,-0.3774,22.62,48,0,4.63,ES,1702314277
389,svirsk,53.0858,103.3325,-35.45,100,30,0.73,RU,1702314280
390,al qitena,14.8648,32.3668,28.93,9,100,4.12,SD,1702314281
391,callao,-12.0667,-77.15,23.16,68,0,2.57,PE,1702314167
392,dabakala,8.3667,-4.4333,33.67,19,27,2.0,CI,1702314286
393,bryne,58.7354,5.6477,3.88,69,0,2.57,NO,1702314288
394,malango,-2.9627,119.9001,20.3,97,100,1.11,ID,1702314289
395,marsh harbour,26.5412,-77.0636,24.13,77,83,7.19,BS,1702314293
396,hadejia,12.4498,10.0444,23.41,19,5,4.24,NG,1702314295
397,pemba,-12.974,40.5178,29.39,79,75,4.47,MZ,1702314298
398,cartagena,10.3997,-75.5144,31.79,70,20,4.63,CO,1702313897
399,villaquilambre,42.6469,-5.5584,12.16,87,75,1.54,ES,1702314302
400,strezhevoy,60.7333,77.5889,-28.91,90,47,1.79,RU,1702314304
401,gorey,52.6747,-6.2925,10.82,98,82,4.0,IE,1702314307
402,farrokh shahr,32.2717,50.9801,3.59,35,0,1.03,IR,1702314314
403,iquique,-20.2208,-70.1431,22.02,80,76,4.38,CL,1702314149
404,taupo,-38.6833,176.0833,10.26,74,74,5.28,NZ,1702314292
405,galveston,29.3669,-94.9669,16.14,46,0,1.34,US,1702314041
406,lijiang,26.8688,100.2207,2.88,70,0,1.38,CN,1702314276
407,ljusdal,61.8288,16.0913,-6.43,97,100,1.84,SE,1702314329
408,las toscas,-28.3529,-59.258,31.55,34,0,3.78,AR,1702314331
409,portland,45.5234,-122.6762,10.4,96,100,2.68,US,1702313882
410,barcelos,41.5388,-8.6151,17.08,88,100,3.61,PT,1702314340
411,northwood,40.4728,-83.7324,0.9,74,100,4.63,US,1702314342
412,kimbe,-5.5502,150.1429,24.12,97,100,0.85,PG,1702314119
413,ubari,26.5921,12.7805,15.04,32,0,4.02,LY,1702314347
414,acarau,-2.8856,-40.12,31.47,54,71,8.78,BR,1702314349
415,amga,60.8953,131.9608,-28.67,94,100,2.75,RU,1702314351
416,phan rang-thap cham,11.5667,108.9833,21.81,87,33,1.75,VN,1702314254
417,marsta,59.6216,17.8548,0.21,93,100,5.66,SE,1702314358
418,laguna,38.421,-121.4238,11.19,90,0,0.0,US,1702314361
419,kapa'a,22.0752,-159.319,24.18,91,100,3.09,US,1702314363
420,sola,-13.8833,167.55,25.82,65,100,7.81,VU,1702314110
421,la jolla,32.8473,-117.2742,21.35,32,75,1.54,US,1702314366
422,haysville,37.5645,-97.3523,8.49,50,0,2.06,US,1702314217
423,guigang,23.0964,109.6092,23.61,82,99,1.32,CN,1702314371
424,toliara,-23.35,43.6667,27.08,70,91,4.81,MG,1702314376
425,chibuto,-24.6867,33.5306,23.57,92,89,3.56,MZ,1702314377
426,le port,-20.9373,55.2919,26.0,100,18,6.53,RE,1702314295
427,kittila,67.6647,24.8936,-12.92,85,100,1.54,FI,1702314111
428,letlhakeng,-24.0944,25.0298,29.81,23,86,5.12,BW,1702314384
429,lautoka,-17.6167,177.4667,19.92,83,20,2.06,FJ,1702314386
430,sechura,-5.5569,-80.8222,27.07,57,29,4.54,PE,1702314388
431,severnoye,56.3491,78.3619,-28.34,93,11,4.92,RU,1702314390
432,richmond,37.5538,-77.4603,8.28,72,20,7.2,US,1702313824
433,inirida,3.8653,-67.9239,31.74,61,78,0.61,CO,1702314395
434,massenya,11.4039,16.1705,25.88,17,54,3.5,TD,1702314397
435,lionel town,17.8101,-77.2406,29.94,65,67,5.61,JM,1702314400
436,horta,38.5333,-28.6333,16.8,72,40,5.14,PT,1702314403
437,jatibonico,21.9419,-79.17,30.59,52,78,3.4,CU,1702314404
438,nabire,-3.3667,135.4833,24.68,94,99,1.07,ID,1702314406
439,saint-francois,46.4154,3.9054,13.69,100,100,3.6,FR,1702314407
440,vorkuta,67.5,64.0,-21.82,95,100,4.15,RU,1702314409
441,honcho,35.6931,139.9833,12.4,76,100,0.32,JP,1702314411
442,tangalle,6.024,80.7911,24.39,91,67,0.91,LK,1702314412
443,van,38.4924,43.3831,3.64,87,75,1.03,TR,1702314414
444,yemetsk,63.4721,41.7941,-12.28,93,100,4.17,RU,1702314418
445,guangming,45.3333,122.7833,-18.07,74,84,0.55,CN,1702314420
446,fort mcmurray,56.7268,-111.381,-9.79,58,2,3.14,CA,1702314428
447,koryazhma,61.3143,47.1691,-13.94,88,100,5.62,RU,1702314430
448,ujae,8.9322,165.7642,28.1,76,67,8.06,MH,1702314431
449,bougouni,11.417,-7.479,34.2,8,9,2.04,ML,1702314434
450,st austell,50.3383,-4.7658,12.47,93,75,5.14,GB,1702314436
451,vila franca do campo,37.7167,-25.4333,18.27,99,11,5.21,PT,1702314189
452,hithadhoo,-0.6,73.0833,28.28,75,44,2.73,MV,1702314440
453,wanxian,30.8039,108.3897,11.79,88,100,1.89,CN,1702314442
454,noumea,-22.2763,166.4572,18.99,75,99,4.31,NC,1702314445
455,jayapura,-2.5333,140.7,26.66,91,81,4.09,ID,1702314448
456,la ronge,55.1001,-105.2842,-11.3,74,100,9.21,CA,1702314450
457,caninde,-4.3589,-39.3117,34.18,34,80,3.6,BR,1702314452
458,aljezur,37.3191,-8.8033,17.1,86,100,3.68,PT,1702314453
459,port hedland,-20.3167,118.5667,23.03,68,0,3.6,AU,1702314455
460,raduzhnyy,62.0961,77.475,-31.66,96,99,2.49,RU,1702314456
461,camacupa,-12.0167,17.4833,18.27,92,100,0.6,AO,1702314279
462,naze,28.3667,129.4833,21.3,88,38,6.76,JP,1702314460
463,kourou,5.1552,-52.6478,32.03,64,25,4.12,GF,1702314462
464,lamu,-2.2717,40.902,27.12,86,68,4.58,KE,1702314465
465,skare,55.3833,13.05,3.43,98,100,5.08,SE,1702314466
466,dunedin,-45.8742,170.5036,10.45,68,79,4.02,NZ,1702314186
467,hammerfest,70.6634,23.6821,-1.75,93,75,2.57,NO,1702314222
468,dergachi,51.2328,48.7659,-11.22,48,95,8.2,RU,1702314472
469,ulanhot,46.0833,122.0833,-19.19,81,80,1.03,CN,1702314474
470,tateyama,34.9833,139.8667,13.39,100,75,0.0,JP,1702314475
471,takoradi,4.8845,-1.7554,28.94,69,6,4.54,GH,1702314478
472,pitimbu,-7.4706,-34.8086,31.33,59,11,5.34,BR,1702314479
473,zunyi,27.6867,106.9072,12.16,91,100,1.29,CN,1702314325
474,gharyan,32.1722,13.0203,11.45,54,2,3.02,LY,1702314486
475,queenstown,-31.8976,26.8753,20.34,60,96,2.74,ZA,1702314303
476,xiazhuang,34.9161,118.6389,-2.77,88,88,4.03,CN,1702314493
477,naha,26.2125,127.6811,24.15,88,75,4.12,JP,1702314497
478,hami,42.8,93.45,-1.07,47,100,1.95,CN,1702314500
479,palikir - national government center,6.9248,158.1611,27.84,77,27,8.55,FM,1702314501
480,mukalla,14.5425,49.1242,24.19,65,3,0.34,YE,1702314503
481,kashgar,39.4547,75.9797,0.4,43,99,1.27,CN,1702314507
482,quellon,-43.1167,-73.6167,11.57,94,100,0.4,CL,1702314510
483,aral,40.5156,81.2636,-0.3,42,100,1.33,CN,1702314511
484,cartagena del chaira,1.3349,-74.8429,32.89,49,26,2.12,CO,1702314513
485,onguday,50.75,86.15,-15.83,76,100,0.51,RU,1702314517
486,phalaborwa,-23.943,31.1411,21.1,92,78,0.83,ZA,1702314519
487,mao,39.8885,4.2658,16.31,77,0,2.57,ES,1702314523
488,peniscola,40.3359,0.3613,17.22,77,43,0.1,ES,1702314524
489,le morne-rouge,14.7667,-61.1333,24.76,77,20,7.0,MQ,1702314526
490,bikenibeu village,1.3673,173.1241,26.98,94,40,0.51,KI,1702314528
491,pisco,-13.7,-76.2167,23.34,73,0,4.12,PE,1702314529
492,heroica guaymas,27.9333,-110.9,21.6,23,20,4.63,MX,1702314532
493,delijan,33.9905,50.6838,11.49,30,100,0.83,IR,1702314533
494,ust'-kulom,61.6864,53.6902,-21.9,87,81,4.43,RU,1702314535
495,kargat,55.1956,80.2811,-28.08,91,6,5.93,RU,1702314536
496,okhotsk,59.3833,143.3,-11.05,94,100,9.12,RU,1702314538
497,qufu,35.5967,116.9911,-1.58,82,100,2.81,CN,1702314540
498,lompoc,34.6391,-120.4579,18.85,62,0,4.47,US,1702314542
499,katsuura,35.1333,140.3,13.01,90,100,1.79,JP,1702314543
500,molina,-35.1167,-71.2833,20.85,52,20,2.57,CL,1702314548
501,bokovskaya,49.229,41.8306,-3.97,69,100,10.53,RU,1702314550
502,jianguang,28.1938,115.7836,8.63,76,100,4.06,CN,1702314553
503,mumbwa,-14.9783,27.0619,20.85,79,91,1.23,ZM,1702314554
504,xuddur,4.1213,43.8894,28.03,50,99,5.92,SO,1702314556
505,wewak,-3.5534,143.6268,26.22,90,92,6.81,PG,1702314557
506,terenozek,45.05,64.9833,-15.43,45,0,7.63,KZ,1702314559
507,concepcion,-36.827,-73.0498,15.89,72,75,3.09,CL,1702314278
508,celendin,-6.8703,-78.1517,22.29,57,36,2.07,PE,1702314562
509,midvagur,62.0511,-7.1939,4.46,93,75,2.57,FO,1702314564
510,matiari,25.5961,68.4467,21.63,29,5,1.61,PK,1702314567
511,whakatane,-37.9585,176.9854,13.21,91,52,4.42,NZ,1702314569
512,nerchinsk,51.9833,116.5833,-36.31,100,14,0.4,RU,1702314571
513,thunder bay,48.4001,-89.3168,-3.91,69,68,3.22,CA,1702314573
514,nova xavantina,-14.6667,-52.35,37.08,33,90,2.76,BR,1702314576
515,aioun,16.6614,-9.6149,30.63,8,11,5.22,MR,1702314579
516,olenegorsk,68.15,33.3,-16.85,97,93,2.98,RU,1702314580
517,east ballina,-28.8667,153.5833,17.67,82,12,0.79,AU,1702314582
518,astrea,9.4983,-73.9759,33.18,53,70,1.0,CO,1702314583
519,kurumkan,54.3,110.3,-26.6,90,19,1.79,RU,1702314587
520,mejit,10.2753,170.8646,27.0,71,43,9.07,MH,1702314549
521,rio grande,-32.035,-52.0986,28.06,69,69,5.42,BR,1702314148
522,baie-comeau,49.2168,-68.1489,1.82,100,100,2.06,CA,1702314572
523,sant antoni de portmany,38.9807,1.3036,17.43,78,20,4.63,ES,1702314594
524,"laikit, laikit ii (dimembe)",1.4792,124.9735,22.47,100,40,1.03,ID,1702314596
525,ghat,24.9647,10.1728,15.97,30,4,3.85,LY,1702314597
526,berezovyy,51.6667,135.7,-24.34,69,1,2.57,RU,1702314599
527,lupane,-18.9315,27.807,21.48,80,100,2.06,ZW,1702314601
528,devonport,-41.1667,146.35,16.4,87,99,2.19,AU,1702314603
529,temerluh,3.4506,102.4176,24.99,99,99,0.51,MY,1702314605
530,colonia,50.9333,6.95,10.49,84,75,2.57,DE,1702314353
531,rongelap,11.1635,166.8941,27.6,78,38,8.31,MH,1702314560
532,paso de los toros,-32.8167,-56.5167,26.36,53,40,6.91,UY,1702314612
533,kununurra,-15.7667,128.7333,28.99,70,100,0.0,AU,1702314615
534,bathurst,-33.4166,149.5806,19.9,86,0,1.8,AU,1702314617
535,kuching,1.55,110.3333,26.12,95,40,1.54,MY,1702314618
536,potsdam,52.3989,13.0657,8.94,95,100,1.79,DE,1702314621
537,aldama,22.9167,-98.0667,19.09,40,100,2.74,MX,1702314624
538,plesetsk,62.708,40.2916,-12.07,93,100,3.86,RU,1702314628
539,bodo,67.28,14.405,-3.98,69,75,6.69,NO,1702314630
540,bannu,32.9854,70.6027,14.05,25,0,0.69,PK,1702314631
541,sisimiut,66.9395,-53.6735,0.03,76,100,15.68,GL,1702314633
542,tsiombe,-25.3,45.4833,25.91,79,91,2.25,MG,1702314457
543,kailua-kona,19.6406,-155.9956,25.33,83,40,2.57,US,1702314637
544,baiti,13.745,-14.7482,36.23,8,66,2.56,SN,1702314638
545,mount pearl,47.5166,-52.7813,10.18,94,100,3.58,CA,1702314640
546,nizhnyaya omka,55.4338,74.9426,-28.31,91,6,5.21,RU,1702314641
547,suva,-18.1416,178.4415,20.71,94,75,1.54,FJ,1702314379
548,port saint john's,-31.6229,29.5448,21.32,86,99,4.14,ZA,1702314643
549,newman,37.3138,-121.0208,8.47,74,13,1.91,US,1702314645
550,beitbridge,-22.2167,30.0,24.28,83,98,6.97,ZW,1702314646
551,smithers,54.7804,-127.1743,-6.03,97,100,0.61,CA,1702314648
552,arenapolis,-14.4503,-56.8461,31.63,51,99,3.61,BR,1702314649
553,minas de marcona,-15.2119,-75.1103,22.12,57,96,5.77,PE,1702314653
554,byelaazyorsk,52.4731,25.1784,0.82,99,100,5.94,BY,1702314654
555,crystal city,28.6775,-99.8281,13.06,35,0,3.09,US,1702314655
556,carutapera,-1.195,-46.02,31.22,58,97,5.29,BR,1702314554
557,lerwick,60.1545,-1.1494,5.0,78,100,4.35,GB,1702314658
